ticker,index_score,Profitability_score,Liquidity_score,Efficiency_score,Solvency_score,AssetQuality_score,InvestmentCost_score,PerShareFundamentals_score
AAPL,0.630097941467372,0.896122798772141,0.501218377167571,0.6932382771767603,0.32866869459973114,0.7,0.7092938384757284,0.2321627345355189
META,0.7687509458132255,0.9576695237045344,0.8439436168436927,0.31105093341186946,0.9102781641909661,0.9498835517586313,0.3478208897793846,0.9515006544825295
AMZN,0.5167424624438247,0.3806468550134803,0.3233225478712865,0.6100907489934275,0.8623260722558397,0.7947248006024861,0.40736244108299136,0.3168998352051901
GOOGL,0.6994380715585187,0.8892230282420316,0.6393941589789192,0.2970192486918159,0.987395131461907,0.9557613739792423,0.40766392483958325,0.40497591594571847
TSLA,0.4758456672334992,0.14562801945245868,0.6167621676267985,0.5004034752230961,0.8111581780126217,0.7387359979142839,0.3763806211561186,0.15680637905253741
MSFT,0.6970956959429537,0.9199890969224577,0.5741573292405362,0.44912647618731616,0.9404036051760906,0.8042928310936495,0.309026781600124,0.6501096478068752
NVDA,0.8353618952982991,1.0,0.928434303052629,0.5875608000208367,0.9650318846791639,0.9672950426885927,0.6600599226546242,0.08101270896902779
JNJ,0.5624049826095276,0.6543875050216176,0.4463179048146436,0.26400120706718033,0.7647479918323772,0.5729172130235743,0.7652152862690882,0.42837791253989255
UNH,0.4549544670172187,0.28072630255551867,0.34051541822511994,0.5334461303278547,0.6172136090743774,0.2818267223527332,0.6588817458770693,1.0
PG,0.49144086073371374,0.6132721742732369,0.33471167894261905,0.42920703493004336,0.7128758308923179,0.2869750867101286,0.5585111340894604,0.306388588471354
V,0.6610287522735467,1.0,0.5666998310085938,0.2730841945483317,0.8340135136574054,0.5351504855943227,0.5599871494806576,0.4422073266693888
JPM,0.3431211933090948,0.47131559803824213,0.21605666006417984,0.12410468282082932,0.13224149907156876,0.43629034502838543,0.75,0.5
XOM,0.5217181545959074,0.22763006681818854,0.527915020218962,0.47303181630617247,0.9478681735522123,0.7546537923258789,0.44819012813508785,0.5161648664542706
HD,0.517000564350491,0.5733110537576906,0.37605469839785666,0.699865417905158,0.2093197242106306,0.6796198521649712,0.62552585307998,0.6313903877926715
AVGO,0.5250383672701164,0.6864102746316659,0.4195270047070223,0.5018584147641103,0.46847165796759865,0.2653815642754055,0.8934676511632115,0.1619193043435504
COST,0.6231418951562754,0.3428142945883532,0.5220472700456097,0.8485798463970714,0.8986743387956567,0.7826896666489317,0.4802256157787195,0.8929842295678139
MA,0.6332427441810434,1.0,0.534063246314566,0.4154705116874665,0.3295824968367271,0.6468267519604387,0.6933434711692685,0.6131024265306101
DIS,0.35975169931823886,0.2547699248943273,0.247922690665988,0.4547685927885818,0.6328833994133062,0.18326331750985833,0.42637229242415564,0.447266402755496
BAC,0.27761532914614784,0.24415076082931716,0.233191052427404,0.19071408308306495,0.1497873278559478,0.39371504186365003,0.7090660269444744,0.17172219863346697
PFE,0.3931436277799095,0.3900615871557928,0.29812992465729893,0.1869995293101126,0.5424850869991599,0.37745841892317944,0.8491842338979102,0.07830576662003512
CVX,0.4637039785568594,0.15863612534229576,0.384461331798501,0.596543185325718,0.792384173013563,0.5774245559211193,0.4481821466276421,0.7250581371163389
ABBV,0.3966328534570368,0.6514091951834861,0.28860814679279667,0.30347707279350655,0.07285005816916215,0.148613572106654,0.934260669129136,0.22644863069253324
KO,0.386042527454139,0.6634877049481667,0.14231452897934024,0.4067123189211417,0.3040161844652744,0.48331496357439196,0.3519840776710068,0.03137031577453861
CRM,0.5068466231907894,0.3938489187911382,0.604333608275679,0.3221788405707603,0.6408175833344975,0.25319449112117864,0.8717075015020515,0.6115601797951477
LLY,0.4918453006131453,0.905922558102987,0.16787946826681505,0.2186777562269786,0.36980243480532404,0.9138396987021566,0.35063157790226995,0.34139222237494904
MRK,0.6002860559426159,0.9080110855164906,0.4581850693144384,0.2667243471905721,0.4840494554408075,0.7379867789542781,0.7987212342426216,0.3071879797241719
CSCO,0.4586559175523456,0.4905071991946808,0.38556377326021707,0.3977708528535051,0.5767520341603601,0.2130616752002037,0.8614501648222153,0.10573492094620533
PEP,0.3649276763484467,0.4890355044721607,0.23498280517608694,0.4197197200570141,0.23790281763286478,0.35374598496546594,0.47481647044083913,0.28345226002153484
ADBE,0.730559783063915,0.9604196896131655,0.6718532897642908,0.5254976359890233,0.6657604334179195,0.49300775481160164,0.8904010609675825,0.7810922143761123
WMT,0.38207017629732654,0.22368906404531047,0.19576782857224465,0.6683342628809824,0.586111759243729,0.5024491519984218,0.4333589425885964,0.10493263588282818
DHR,0.4323942995244481,0.3568309046079305,0.38836004154047704,0.2635849068892649,0.753130907828421,0.20728900157881885,0.6819943233994109,0.48157720717788394
MCD,0.5491739552821732,0.7298748579981079,0.3154753623209635,0.5593889891418711,0.5741151693892519,0.6999456487209907,0.42515494987969954,0.4214896935743213
NKE,0.5292043248261321,0.38837498062408965,0.6042207319178081,0.5699664419647061,0.455363925803757,0.8668689740841926,0.6490778600438145,0.1174438941695578
ORCL,0.30372666176594554,0.7355401662600167,0.12689942809318558,0.1312145985204803,0.11611567075457507,0.25299120578752665,0.25,0.1412614722458648
ABT,0.5627659031953984,0.6737869549066046,0.518276183429062,0.2560652599229234,0.7593631849112441,0.5464303998506401,0.7008731230945683,0.2723861752657776
TMO,0.45102240536848226,0.36353128212817104,0.41594144950105416,0.2780781852942966,0.5338738434645005,0.3622303649854788,0.6947745496691674,0.9891599831388895
CMCSA,0.29745495155324275,0.37292739788402474,0.20564036919613043,0.2232938947747213,0.44193225550790344,0.10030716475126208,0.41147190738490624,0.24266396973999782
ACN,0.6214818686944119,0.4760247554027314,0.5322549028790005,0.6490303152712973,0.9369229248930334,0.6622376305658297,0.6971000318881794,0.4439589399575686
TXN,0.5544389067904602,0.8060888978789608,0.6116743426027647,0.20642118265079604,0.5568101223467677,0.7737629361304162,0.2863363725207245,0.20174374370836712
AMD,0.49521180953649546,0.1563831562507576,0.7112551070979849,0.3094497705680781,0.976977011461841,0.31902290832112173,0.8189035481628985,0.14216672202638417
INTC,0.25465428028379217,0.0,0.17335739939607617,0.3255148159514618,0.5384080208508,0.6039085504233976,0.2612988211164467,0.0774727546050641
VZ,0.3364225332895872,0.4178856169414953,0.1600236722736743,0.38165739139547455,0.3233678068705278,0.410949784544403,0.3931542045985882,0.2756443189055817
QCOM,0.7323229481717922,0.8418340878060517,0.769392598335599,0.46999783311649446,0.7500305963983858,0.8049756723441706,0.8113934842596195,0.4668945293109692
PM,0.464431030293259,0.7036474628385818,0.28941839032359135,0.17704348102837755,0.5917537540929222,0.4166701603977599,0.6308295454837842,0.21131861325091866
NEE,0.28754396361151213,0.5099894552823057,0.09369651648027363,0.1310320674387332,0.3399723147026229,0.40093675345623153,0.20346249160449165,0.20433429335210662
WFC,0.3079061051031511,0.3212908796001086,0.21424550976698034,0.10690307784659434,0.25653773003668223,0.41366012053765394,0.75,0.27704300026941897
AMGN,0.4223503836872498,0.6183572954684223,0.3582629530136691,0.22276626370461539,0.03075040783515916,0.3548411653629099,0.89070301665324,0.6705310056965852
BMY,0.42150171740588555,0.4870179050584611,0.41652871579319656,0.33453247129543107,0.1325559082840302,0.4417444676034156,0.9281009534644166,0.18787397877857154
UNP,0.48233379648210606,0.824322389635949,0.23333995719480338,0.4478670257358941,0.2675823680488786,0.6062846588544742,0.3459331970320427,0.5409202595558098
IBM,0.40141946214785895,0.33058445687836474,0.334619995352806,0.6125614147206802,0.19027705171191,0.23064697167240567,0.8364160246360705,0.49434558523940875
COP,0.5875847826120467,0.6329576473548496,0.47373838741536656,0.5176855729009934,0.7832209288837055,0.7626711302187279,0.33727604286499624,0.5893400142836775
LOW,0.4673580039707938,0.3745818892304157,0.23906820778281881,0.47649932939379847,0.590294861283789,0.8131449180862336,0.5969753703383996,0.49735465325049355
UPS,0.41713239478544956,0.34691641746034335,0.31539225572879515,0.5223163641159236,0.3866496745300398,0.6068225089340488,0.5343714965999744,0.33721065848615633
HON,0.4237290255816892,0.4891796356991131,0.35311734596454153,0.3019400992588891,0.31199320290209465,0.5080843863014298,0.6798974456479012,0.39844937889843784
APD,0.30006879238096884,0.2661275974858831,0.14530071939931447,0.32666554873940024,0.45689651945809784,0.503189464245403,0.09745211744235982,0.5375656146246838
MMM,0.39311112298849216,0.6195540184163877,0.2579434635091463,0.32230111843984066,0.12003369691282621,0.6576294243948417,0.48710438345520746,0.11620645189322207
AES,0.21878018670182026,0.35000227179287374,0.08982188377539194,0.3434961248591222,0.012057711966847568,0.46600280058117005,0.1,0.06763772833021853
AFL,0.4904439607906528,0.4129148207327285,0.2491982749144767,0.38815506624081286,0.7796448730020972,0.7077817186979606,0.75,0.3285487573668541
AOS,0.6089611078218968,0.5800863061168715,0.6203948592341894,0.49188070560476455,0.9502806985751224,0.5992772602761574,0.5739787993949083,0.1242148570350271
ABNB,0.6230172188666621,0.6556192832326485,0.6973870447047091,0.27038261341845277,0.5970014392895573,0.8800979639471309,0.9,0.23035169633287128
AKAM,0.34213414404281794,0.27466945657979924,0.3460703170588242,0.1867999619816653,0.566183286198258,0.3020014918706177,0.4621024519364748,0.2978966975681103
A,0.4767485554620992,0.4705162096025525,0.5833847439919374,0.26604801650887133,0.5186409738376403,0.40769818711153777,0.7317345493679458,0.21591864126297028
ALLE,0.5296744377899157,0.6294584429262929,0.5627801274058617,0.47503111698930456,0.43207000318798683,0.4236475351244181,0.6530191120936473,0.3204393765753981
LNT,0.37974134321497943,0.45435963990871614,0.20136251598834234,0.29056158959520384,0.32545962385500354,0.4867057294940246,0.75,0.19610350146396677
MO,0.5534923835472259,0.8,0.3412651623593091,0.5308025482017544,0.5880708378370942,0.36663041492211895,0.7202272336126682,0.1744515663211611
AMCR,0.29377280227263197,0.08334333086203372,0.4185906544196661,0.3801458523950835,0.16257458862892665,0.3483007178454122,0.7250870764877054,0.009439861725540469
ALGN,0.5042647297966394,0.3073475532444754,0.6417893936514194,0.31166918077347255,0.6892124300548695,0.5812578352319804,0.6786208297747152,0.45899709260631427
ALB,0.26841294883600386,0.0,0.35948556398338594,0.19117634769730962,0.5794613066887474,0.4807762606440743,0.12147497682359557,0.41390128269302323
ALL,0.46745264909275847,0.15893765529948656,0.4347942393135295,0.3227403238394569,0.6691467135417936,0.7018573235230758,0.7235305597550858,0.9887508694035443
ARE,0.45984520100209575,0.630489504433512,0.2,0.025040739452147104,0.7506049748808561,0.5170048496209959,0.702163371400294,0.47918291283276504
AME,0.5303324747850038,0.5298588297981675,0.5226714030800573,0.3369173528287274,0.8631477567773799,0.24753210645526796,0.6916906583014544,0.38802887605723946
AMT,0.3337399408031358,0.7266983743701085,0.21844699489335045,0.16383547959819367,0.03383000430886404,0.23340111185894935,0.3869412678702556,0.3338377534591888
AIG,0.38300122351724486,0.224252131589802,0.24878314077943778,0.12238168840545709,0.6806273438965793,0.686277962497795,0.75,0.2620482273764366
AXP,0.37420538075505666,0.42751194868874903,0.2542313350885518,0.198452193163277,0.26074761048297557,0.4878824626868973,0.6009888369595457,0.7742805210715372
AEP,0.2379465277177623,0.3660431002376365,0.011545840447060897,0.19032326479881065,0.29249644498400307,0.42134918674092586,0.1,0.39137418854852724
AMP,0.6191206760882673,0.725573802702357,0.8498834303680024,0.03949347574050166,0.5297491455945904,0.6622605754340205,0.7186964571010493,0.8853688577061349
AEE,0.3732391369878479,0.3895676136737903,0.35536825314095366,0.2231681510435979,0.6557175459241505,0.5011987549298093,0.0924988020130242,0.27141945403527984
AWK,0.33347920654440566,0.5746549078008407,0.027501141681502805,0.3481096077996659,0.364575928730935,0.49025926460644265,0.1,0.36772988635320963
APO,0.41614996578919783,0.4693444245722482,0.3198001041408353,0.05018616340607724,0.6375081103945419,0.43425215198083394,0.6892652034864218,0.38695924402300685
APA,0.4494995342400513,0.6045223231965073,0.2594816221209711,0.48468100692896265,0.5088872967052671,0.7064811005567511,0.13680158242396953,0.2621823034704742
ANSS,0.6139499767839895,0.5317901134915051,0.9183528774173693,0.227303800530345,0.8173083697264292,0.2639550571515296,0.8616108327222992,0.5616691680348094
APH,0.4802664836449733,0.5414006313659472,0.4591387892644634,0.3711378417038999,0.6217267276264846,0.4623042785040757,0.5489186195392124,0.060731854934147844
AMAT,0.7229003018027738,0.8143300683001867,0.7715875989844183,0.36526742441637944,0.8921783234899618,0.9223168281410492,0.6612568027792958,0.36052079305715506
APTV,0.3923378794243196,0.2375935877777276,0.35432904499634266,0.42439857278261806,0.49902176279172056,0.4459481498179103,0.5758145616585452,0.4276870399364578
AON,0.3934430143563811,0.5759747673088011,0.29996929653245485,0.24747984178636767,0.1540913690498009,0.3616103992733174,0.6481216091610829,0.5649316150764904
ADI,0.4810944674737873,0.4059870227623634,0.6107879037377225,0.19908465287892707,0.6992021779973147,0.18909894616384323,0.8172583430833857,0.44122754958985655
ACGL,0.5672817754593733,0.5636429192150122,0.5,0.12295049757466815,0.926849134421085,0.5888390682214829,0.7389542341181731,0.7224354124458335
AIZ,0.48891790703119503,0.10469370595571799,0.7838322385243357,0.2368830720222118,0.5739828201812728,0.640589639203277,0.7164309611244999,0.9729217794819592
ATO,0.42370391637479177,0.5809026471273793,0.22910401715696266,0.3840057274751003,0.5738239977760266,0.5273428100360058,0.1,0.524974227405697
ADM,0.3313521044964281,0.03644501494159947,0.11915174867374449,0.6734073130191676,0.5515986431814052,0.6014275105838791,0.4402853795162563,0.20976637172359758
ANET,0.6952835661515114,0.9069190113436947,0.6383840768325231,0.3522171413068789,0.6962344401933882,0.9539253167602426,0.8402190022307018,0.08389657649897192
AJG,0.5603387402263978,0.35631851785694924,0.7140423737713018,0.16736099278848984,0.9249514900898527,0.5983447223841695,0.7202174951287937,0.6549508364970511
T,0.28804256067263745,0.29950487122377145,0.18896222224044648,0.45950847556867835,0.38116287701304885,0.10687491573565261,0.3158997807451869,0.13991451766524485
ADSK,0.5674553651564831,0.6436794155094134,0.43082561457007773,0.45032850148257264,0.7501986271772011,0.3952340507863134,0.8752580085241024,0.2648422627021324
ADP,0.592848011864628,0.7557695061302087,0.5226307185763317,0.36062800658382466,0.47811160834516797,0.7645932120298264,0.7543499341253324,0.4334846952388939
AZO,0.4414899013450392,0.4076587462981349,0.17994210136763855,0.47316768117257607,0.5420071176577543,0.7482991600621827,0.4148065866620993,0.7
AVB,0.43059899684553926,0.584538734440726,0.19992507454550665,0.1762566097879676,0.5021129274054102,0.5100319148973236,0.5967153045716513,0.6409829160070447
AXON,0.40791251823702224,0.17342587210523705,0.640358812561308,0.22963135650456826,0.48580648278031935,0.4576519757304105,0.7021391278667473,0.26379002892004966
AVY,0.4150152329586665,0.38469437998314404,0.2516707786694181,0.5263607495302037,0.388734245348813,0.4944595979504566,0.616716683252813,0.4025120975363474
BALL,0.2886662048640889,0.16831338985727765,0.15222955726798526,0.3721649356431348,0.4207522014857235,0.39782560708069825,0.5310678296776558,0.08630063402016583
BKR,0.4344759627528362,0.3286919888340071,0.3637231006968972,0.34702754407086644,0.7357610258471196,0.5280610914734731,0.5842316620335629,0.11821569133107
BAX,0.24625587685401093,0.0,0.33139482101414375,0.3146368827721103,0.30963598452922636,0.2600388794748023,0.5833786330927219,0.039884625984585406
BLK,0.5977820268833327,0.5909210559955862,0.7380166230888902,0.1580390022087632,0.7607186272818925,0.4977741676151297,0.6485737708154674,1.0
BIIB,0.4672508566671691,0.3939943258753051,0.44290768621365834,0.1855002659958787,0.6596464789431074,0.2588359955140497,0.8552158854503217,0.8398707623665227
BK,0.4085554976444963,0.777142799619999,0.11640095793278317,0.10172501525295147,0.4026683409076316,0.4744089738472552,0.4945564837909492,0.3686811393006396
BX,0.4552196352088583,0.757781247299778,0.2010051672599024,0.14979835261739116,0.4130602102576064,0.7610107525927304,0.5404369403007696,0.21999472422667163
TECH,0.49175406749765604,0.28274416807545977,0.7615298356290096,0.23378027844373772,0.9181090637892622,0.22698526069718272,0.7088283541172787,0.04794591073186087
BDX,0.3294238237862592,0.1645837607106484,0.25727429362873266,0.2925114478077524,0.503106771782042,0.15058574490857304,0.7233529660731313,0.6017284169242186
BBY,0.44502498513263555,0.23426925139918375,0.27490703619724804,0.764052773512011,0.5494057628939213,0.6268295920339066,0.5910645687938927,0.25336136999440456
BA,0.36843524027291136,0.2,0.27715013347247414,0.23996865389880645,0.5808985678906353,0.6582524875345543,0.7404988155654485,0.0
BXP,0.3192503584710964,0.35487531197162137,0.326289631072422,0.052034470383119286,0.13000024007708724,0.5408104404158068,0.6895245624190882,0.2986979482237231
BR,0.45411239158976585,0.4868187151058308,0.416357045938473,0.4582819975196323,0.4110024040782647,0.2926941953169683,0.7095183502822685,0.3704477765201074
BG,0.38496892560594526,0.08948194152976385,0.23212526027804692,0.7104116827427976,0.5191841488391973,0.7345758458755345,0.36169416216265676,0.44214025253553035
BLDR,0.4259313838764709,0.26352642202352056,0.3672114894259981,0.6407698296844176,0.4291362205017335,0.3651426483020631,0.6233761401682995,0.5453938822086435
BRO,0.42937595689828806,0.5518666571135501,0.38337959259716237,0.17724218957808635,0.5888504295671247,0.23814284048880277,0.6577066020006062,0.20469073959490924
BKNG,0.6187803031929516,0.6941131749824605,0.5613149509146328,0.47158136251410837,0.5700254686030337,0.7800171779040042,0.6374627680643814,0.7
BSX,0.3834127074487171,0.30826914504738373,0.33414611841551056,0.28509574382418884,0.6521889278773809,0.22924127373215955,0.7216499735890636,0.07668744032822455
KMX,0.2991158301125832,0.03695845514171863,0.2879304299334337,0.6216468438444978,0.11978957049655699,0.5686257871344096,0.4990658750625434,0.2861100393922653
CDNS,0.6264021201040337,0.6530042239340584,0.7991644991536098,0.377192980080734,0.6781541999221664,0.5229048860336419,0.8269733233056011,0.20056532710875746
COF,0.37515812586684155,0.18202463102722574,0.2822713052085519,0.34807592916121866,0.4346619135468983,0.4011771443808896,0.6727124216731131,0.9679614811341376
CPB,0.40187685407821855,0.39379392801496466,0.14974459847539573,0.30809567584109787,0.7301989229216552,0.5526550656125192,0.5911805344809081,0.06703405111284962
CPT,0.29955422938734366,0.3072609438515143,0.12851013854209256,0.2330371645169615,0.46299072169005784,0.5064896114163113,0.28680409414629304,0.266068244574664
CZR,0.2590330839112705,0.36271604779162325,0.1272804196131792,0.5068140914615687,0.03083405378495594,0.26043032100816876,0.30628732907038875,0.11158002491788802
CAH,0.4689311728510672,0.12403463941538696,0.2928804034968642,0.8345487013822143,0.8038582484966303,0.4887215486067358,0.6741934982197954,0.34587770266735685
CHRW,0.4698199440929966,0.30606596579272144,0.3904698895187565,0.6238102690197215,0.5532587362936294,0.5817632343695017,0.7100161644289582,0.1894236812843267
CAT,0.5186440727979319,0.617585687266339,0.3058053095322686,0.3036650248487145,0.44158420844615165,0.8875234355051069,0.6138473932510888,0.8232424241008787
CNC,0.3787360896915809,0.08795620712587923,0.3052848983435774,0.5499999999999999,0.5578362362988354,0.46816757200526293,0.6553101271105645,0.3433370576997515
CBOE,0.6020230953984166,0.5830421737193442,0.6866343530415623,0.3861263064394694,0.8192859450116332,0.3731960317792836,0.6785377235742627,0.6590093621449605
CBRE,0.35381471782993984,0.09759090347427753,0.28932361735065615,0.5723931820319986,0.47055517507477373,0.36328652216222307,0.6769677281395974,0.22169179790082655
CDW,0.4411946251852887,0.37388557701855263,0.33814710230105927,0.7924859904107591,0.1916463866948846,0.45698252774722214,0.7012421549751022,0.3330297126471924
COR,0.43728330487067724,0.29305685298722345,0.3216348499432506,0.8273819354563978,0.2628820747365916,0.36278732162903293,0.6974349999306327,0.602605759006125
CARR,0.40024527883567945,0.47956279180503725,0.2221636125949499,0.42584420197433037,0.5214721157183217,0.22889049958388696,0.6424896355189029,0.13372794402506694
CCL,0.3279297298600487,0.41199660553491435,0.1344676849031284,0.5767374955829597,0.12225354822805888,0.46754510199612387,0.4231920549134602,0.08229338466166346
CRL,0.2980440238775799,0.027363989029883466,0.34176568505876154,0.3578870621103007,0.4390532141205231,0.21252857799239874,0.5506225091694958,0.5398747891508736
CNP,0.25140100244434277,0.35127122588100773,0.11245050234492238,0.30077767805144373,0.23921853120532055,0.4665447565907568,0.1,0.06878376915031985
SCHW,0.3940543599077252,0.5632240361782989,0.26152998742001543,0.11119577119625018,0.4029072403862971,0.45298383363520184,0.6667926997062794,0.23698496615234324
CMG,0.5396513336535745,0.5817947816106588,0.4805694758279665,0.8401273859147925,0.32490617403758054,0.7584246219051145,0.4661736246694063,0.01747768870016885
CB,0.5303997233117351,0.5291999934478417,0.4043803068284442,0.10389829966847319,0.7448709869889436,0.6490827058547329,0.75,1.0
CHTR,0.260148178650064,0.4976020800297438,0.06437146672259474,0.28881546419510645,0.024850414003036784,0.0751226260784859,0.18311220960539032,1.0
CHD,0.4597618406292395,0.28848876586717825,0.5880277750928938,0.4401500375056334,0.7286589477256895,0.22625017526359875,0.6458219651731445,0.1501106463098691
CF,0.5709216695928558,0.5665647930943817,0.7377132308087858,0.41107341029098443,0.6126474754467444,0.4851924797186707,0.5223914775238038,0.5484259314519284
CFG,0.31296116232807897,0.24304444160229827,0.18815096049108126,0.1706006112065505,0.44137490084929043,0.3953329615841574,0.6980493450807395,0.26870604708844636
CTAS,0.6107092846664357,0.7235840194150823,0.5230686223196194,0.5898247366833783,0.7364912498072902,0.5863097833507178,0.5871379512521581,0.17814767829706632
C,0.22747682648762935,0.1340657742157962,0.22001378047009523,0.10462826517133371,0.10313489448932055,0.39581247631220023,0.5978024955794269,0.38863311402800715
CI,0.3679914169914519,0.08567359610672168,0.26636346826975105,0.5575714100724082,0.5269204850682992,0.12887378463999638,0.6773916157571551,1.0
CMS,0.25238955651263767,0.37080929795295303,0.09490921487054897,0.21279713588873134,0.23265724270812338,0.5294872053212318,0.1,0.21877023457276396
CINF,0.6554829977363216,0.49569185818920186,1.0,0.12270233570347128,0.9551924402969563,0.548046910770092,0.7397892761658769,0.8218439619072034
CLX,0.45396569237827494,0.6439518427153827,0.2565780286354377,0.5557112357187837,0.14886172636876524,0.642807140181059,0.6001828452473638,0.23354366232734175
CME,0.5980852068626716,0.6784889743435546,0.5307806120381411,0.28841887939208677,0.8043300001690709,0.5259634450019922,0.7386888125677638,0.63858566356011
COIN,0.6625516105000852,0.6060531559760562,0.7368791591708479,0.3319301016693699,0.8334641744274003,0.8007064315500891,0.9,0.3756541020475418
CL,0.4651863507236947,0.718557409634671,0.33050393634217373,0.46101667690690606,0.16024859735445585,0.5850810379698248,0.6134249759856081,0.12811637023689107
CEG,0.44942573049131085,0.3962260544216851,0.3830720364666216,0.3829842768978084,0.5845234088418985,0.6389464086753598,0.5160104788801398,0.26265935952118613
CTSH,0.5990142369509653,0.38980862009597295,0.8283757679857144,0.43779091902263284,0.9833898207966474,0.48576307973108146,0.6209498525047601,0.24077048266706044
ED,0.3106198006773546,0.30909930909908456,0.14399749313461777,0.34475449526803226,0.41862864194251215,0.5452601210030248,0.14018910618786,0.4298616294997952
STZ,0.2171903641124967,0.0018772632388881594,0.20740529117996934,0.36018837677757454,0.2529061460092998,0.26958409795824084,0.3230830961104473,0.4801818448376163
COO,0.3461047665499185,0.2733060374318433,0.33017176420273336,0.17820138159976032,0.6566725305191553,0.2784552162990057,0.48695626492990773,0.19943338821364598
CAG,0.2521694672930175,0.04234810345527457,0.20500886068779495,0.4122982921760191,0.43663040395048713,0.08200643222044829,0.5945889407760337,0.11163655146031409
CPAY,0.4519077861397124,0.7638584146093395,0.3287936878228945,0.1737193582966259,0.20097553956185826,0.38494290924160474,0.5808767339180372,0.8479649185612359
CSGP,0.31807658587012144,0.0213175637620932,0.537773072230448,0.2551137221163922,0.6583881320569174,0.29100030222871426,0.36040105825348817,0.060543326185837
CRWD,0.4039925568261485,0.0,0.8072152634494797,0.2172215920315086,0.6214984407121006,0.4862491309404504,0.6140954096778479,0.1341409032576271
CTVA,0.39393999002393804,0.18147180774850474,0.42906100963823757,0.17872696787828707,0.7428483490408296,0.36511131266960756,0.7862955476207885,0.18765705184514397
CTRA,0.44150374782291124,0.6036473622237636,0.15485002423069907,0.35614325212017095,0.8074023562847015,0.5601772577912819,0.2262784941120249,0.12888971939537897
GLW,0.3298444594618176,0.13014954062401382,0.31885746750394256,0.25850634847970777,0.5204323839497622,0.5367101023303367,0.6052602034254618,0.049954807300506485
CPRT,0.6464097289154938,0.7347549629764876,0.9243924150461265,0.445195542201722,0.7,0.7339489007227992,0.3057202618647324,0.04192515146270058
CCI,0.2863751456642841,0.24936181472845437,0.13674999826093454,0.24041249151838967,0.5225460522386828,0.3928864912887733,0.3674707511090787,0.12410373053275045
CVS,0.3299417766202978,0.0471345953455087,0.19824315107724197,0.7836766940967745,0.4439124003059796,0.13023880195104448,0.6233923399358069,0.3801603843874794
DVA,0.4683096535174806,0.45957318671312575,0.3110263655951261,0.5507249124751566,0.5389136862376782,0.3587398435240551,0.5679442711868271,0.7019376488432092
CMI,0.42207681527881274,0.3507794291636445,0.13658335893745588,0.45678355190272013,0.6112064145724592,0.6646785569195326,0.5036830458280934,0.6006126190874197
DE,0.3753964724284134,0.3395967510735801,0.13008639435006056,0.11346498334764471,0.623870644929508,0.7,0.5196258878983546,0.6383414551719577
DECK,0.7999252935426185,0.7448341584221984,0.9859648973538795,0.7297130600893728,0.9702667532246384,0.8444592009744685,0.6383532570519751,0.26491113333093874
CSX,0.41940026413827997,0.6803988350533381,0.24131118627242448,0.42179620444158583,0.34555491751206846,0.5979732784809549,0.2373962743268574,0.0479738909326234
DAY,0.26673156073324267,0.02139547931427489,0.2647056483694658,0.1908964124582966,0.5746994922065447,0.34036084129599065,0.5659037595686434,0.0595143088918238
DRI,0.3891194167319058,0.4305069950787897,0.17150280732493564,0.7070862297071446,0.11711190423120067,0.5084227641292913,0.49768011955561536,0.45904196075957504
DLR,0.32501326698817223,0.20233320686127132,0.4280937211997512,0.12795439492943578,0.44997861127953376,0.3763965358500818,0.46385150874386194,0.36192931284328606
DXCM,0.43752337109484274,0.3876927961282288,0.3657006198859629,0.26154728253100856,0.6873215887129228,0.6837186580120898,0.5499416901337718,0.035273651688342574
DVN,0.44804876537061233,0.5437285822745697,0.29609021264777396,0.545193149634973,0.5903540615622921,0.6174959664726122,0.08615277420030171,0.24403243051068046
FANG,0.5185387804026705,0.6431383524229158,0.22412678465043287,0.4495103039329099,0.882352127338297,0.5452400392657976,0.19517722683476574,0.7821548813223529
DAL,0.3397951685250164,0.2607784736467642,0.12979905171683553,0.6594510261018791,0.4134407844205329,0.3734296217852371,0.33181139067201204,0.34365733891743
DG,0.2969844993459354,0.10072495576216343,0.20943592356552398,0.4806506884618973,0.23156921942503678,0.4670632579393515,0.5353811227521076,0.4567730288020745
DLTR,0.30122251606233874,0.11840113979160877,0.27921518521847544,0.27856158738806247,0.46341128865742887,0.5820931263883675,0.32517334670618947,0.27513230708924097
DELL,0.390677859720335,0.17252059696449992,0.21400426557598817,0.6598984842723574,0.629296024434995,0.3834183309687466,0.607583589392418,0.2453497804358601
DASH,0.46795533251251337,0.02367818258865029,0.8128665755412776,0.48331715949733667,0.6852600459164604,0.4336109879384916,0.730892054024229,0.15451173497507287
DOV,0.5191968337901367,0.5618045656587686,0.5267501697743869,0.3563812344318965,0.6646956681199374,0.3237483399625934,0.6437022361340775,0.4697813085624997
DPZ,0.5471760545228762,0.4701621754463182,0.23082406916964315,0.8496543658564363,0.6068853376339574,0.7348564179587072,0.5914366064048088,0.6472087773491468
DOW,0.250680917375124,0.019542268358913508,0.15262242571159976,0.3620546155442905,0.4276264922009939,0.5075380120726163,0.4129050924749731,0.09548777053048121
DUK,0.2639462927878143,0.4522858897065822,0.04067665851773181,0.13152570606296726,0.2890747934594412,0.38282270371305094,0.24347069492512224,0.34040147730887493
DTE,0.2373255286153213,0.3205833338466345,0.06726144652136358,0.14629095822116558,0.245502537096827,0.491825756511058,0.09855289182863351,0.5184103343544385
DHI,0.6613286064633876,0.3687994914676002,0.7714990925808556,0.6231168044026874,0.908387385769631,0.8442976226885471,0.6760793486663838,0.6613117883795128
D,0.26579955141117856,0.40736658830481287,0.04143219582780797,0.14756569476987147,0.3683823706839519,0.4424729955238751,0.25,0.18063911597905413
EW,0.6009496455468982,0.7347000420534714,0.7488579339620902,0.23635058169461465,0.6875308977045287,0.5669331058081006,0.6511598540168408,0.14223060697493412
DD,0.30418187165400307,0.03679926445033903,0.3599460811523395,0.22886661841661746,0.6194971016540382,0.15953647111934505,0.6580446727523388,0.2796033382636733
EMN,0.3776205675259288,0.32142026383876376,0.2734435630459894,0.3156160835834957,0.514701715024912,0.42974051661669366,0.530783325502862,0.43953469907646514
EIX,0.3131597098625236,0.5101763107380438,0.11035286910010951,0.3295197946955578,0.18547128780624,0.5340227933119733,0.11507752995672377,0.42772727311702785
ECL,0.41348628395426873,0.4601690903115754,0.30665791112647495,0.3722029245228997,0.5506771636482851,0.3594843726715685,0.4503922838913405,0.35385500538222503
EA,0.5418728970059911,0.43751945085612465,0.5758404263520933,0.44011787476954317,0.8002247613866028,0.3619050792252231,0.8064547880822064,0.28875133734752917
EBAY,0.47891310020298256,0.626003424669972,0.41510897124614915,0.28728861648718734,0.4166636530302791,0.5407474656235882,0.7094088703806565,0.17563951516430376
ETN,0.49153060183906744,0.4650318869835373,0.35353408611720966,0.33033911378891445,0.8188236290710255,0.3937897877515497,0.674951647783602,0.5063451577447013
EMR,0.375839956290939,0.3410852877445558,0.27156244776175253,0.34407493596540206,0.6098969957256765,0.14462639840385985,0.6539559192383798,0.2660424656912763
ETR,0.25286431235588963,0.3924681076150014,0.0925605662160936,0.17918336658086878,0.23619777365627628,0.5051220905420536,0.09808401324619462,0.2721478158904792
EQT,0.47613261995749134,0.3084684519849878,0.7571001842899989,0.2710606878548369,0.798740491608459,0.1738516167474869,0.6693935118822175,0.056015606415597184
ENPH,0.422576778834753,0.23515390041885792,0.5142302694027414,0.3500094037669327,0.47268342104313427,0.5221754658409805,0.8142093312461279,0.07799692838538683
EPAM,0.5646367000170858,0.2525349628610047,0.9842099518036429,0.45287333154403553,0.6962718633391737,0.4348078667791708,0.648157123944833,0.479853812724485
EFX,0.31259736342224703,0.34654763112442116,0.2376792864798001,0.16879578575146734,0.4517900747380126,0.18516823391644915,0.473050332750929,0.39029725210043764
ELV,0.4562582321953385,0.12678508883122286,0.3390069955030486,0.6977390018549309,0.5544608369904043,0.5607764471744218,0.643438106143692,0.9701825945662279
EOG,0.6733944819086382,0.7425127099609743,0.7998320093413457,0.3537777535684065,0.9465673512726881,0.8021551989148104,0.16510567407703944,0.7204409904955258
EL,0.26325695805675114,0.0,0.330840454142341,0.35508619755146464,0.1893739742869593,0.5491299209389517,0.5592340433453102,0.09166890048186244
ESS,0.4926431772614704,0.6324134426622905,0.2938186091888191,0.41285009272840023,0.37279125212683006,0.5468950757433827,0.6312774568412797,0.802252795427664
EVRG,0.2794248299929603,0.43771185732955664,0.021147093576818606,0.28744528890485227,0.34387277371484143,0.45467194908016134,0.11150631514873724,0.2890382225872699
EG,0.4751140891185335,0.10433105012704856,0.7000000000000001,0.10143262257022397,0.6693253194246506,0.6908692639986957,0.7433070888767058,1.0
EQIX,0.3077213808955647,0.2902212238766271,0.33718975504479687,0.16331403393224092,0.3302501936438816,0.4394459091783972,0.11561099284565557,0.7637559915724988
ERIE,0.6309436682726971,0.6471312154388026,0.6440510556514818,0.4133452098929519,0.6961966745078108,0.8136176134974324,0.6533888634494441,0.5443744585579591
ES,0.24492908267193236,0.2681310596513805,0.05055210600631931,0.28518018780116994,0.35632518877939195,0.46075830795771544,0.1,0.30968518549935076
EQR,0.42283769594612175,0.6226339610267644,0.15938396921242476,0.07721605885606371,0.7217064112655212,0.5379706413041929,0.5217926412319915,0.18975426150178978
EXPE,0.49730772451073174,0.4937163795403815,0.6143173059222938,0.19508445110034683,0.4074507050255847,0.45043156784862515,0.840227925843452,0.6313789130616025
EXC,0.2670798060551546,0.3346617673477353,0.11678375820746761,0.32219115045257635,0.2895376799788686,0.5010206886038879,0.1,0.16392438303243478
FFIV,0.62645787157948,0.5640701590077769,0.7868176077553644,0.4172844738199114,0.6797306169584544,0.4169024611960463,0.8750892673195614,0.6865074761629442
FDS,0.5151801289828731,0.6668427818546006,0.5039728245545917,0.3606091066600213,0.46258231151466106,0.28329370121173003,0.567099842204407,0.7831360308097732
EXR,0.44441235406395735,0.600095165237051,0.34364469836753464,0.07359316793409819,0.42686149075902347,0.5349632599616754,0.7243287819640033,0.49324440169303196
FICO,0.6249053671081662,0.7831028107014826,0.5528864699528973,0.45259505666626343,0.5921825297955987,0.5375986947025964,0.7307586300267706,0.7
EXPD,0.6154877036229666,0.49267049614798547,0.7910344896526205,0.5124929801528318,0.6169194482338718,0.8398361891200792,0.6878938671996608,0.2385662353093328
EXE,0.22349260973687798,0.04143661558255985,0.059220089650396185,0.07097051104732545,0.6910475956277342,0.47722104490993555,0.2054804727174889,0.3743314029431475
FSLR,0.5135577973668468,0.6896757158710277,0.3387141408004736,0.1323879266429849,0.9825977103129038,0.6750842935421637,0.16936687243824233,0.4340615619514243
FDX,0.3687997436359412,0.09550768650320623,0.305351443032059,0.24395313041487274,0.6373107892148832,0.5530170027588164,0.4929354296495522,0.9413540443685506
FIS,0.28537644955409464,0.259024554689802,0.1995415207554921,0.24307019134760774,0.5190541616738951,0.09614134637342,0.482935956631558,0.16971246953645064
FAST,0.6854352787081344,0.6350045759341969,0.8239103338194227,0.4897138114351038,0.9606587379056416,0.8597216562066996,0.5779636228774805,0.011553153023413558
FITB,0.3209135532603167,0.3848078345620746,0.19761844104417034,0.1129335982449029,0.36977716342318295,0.42481611048270596,0.5850077236761108,0.2359781748973873
FRT,0.3763877696641638,0.5945106816236333,0.2639010572948171,0.19487146789196844,0.3238191613327429,0.5321135591660908,0.2925527584082935,0.29419323316293955
FI,0.3876889534969705,0.518584055463712,0.28582121021971224,0.21608161388657304,0.44514455889059185,0.2540779494774847,0.529167593143131,0.4674043481692746
FE,0.2057352628506359,0.2661285482763661,0.013347742918170934,0.2849310998909019,0.24694091598414197,0.38158442578301216,0.11246033143864055,0.14696598188976676
GRMN,0.6743251972083502,0.6121692892550361,0.972097608537749,0.32951256095038267,0.6993663816620046,0.7216925377511629,0.8111045229600287,0.38503611448128033
BEN,0.3612948671352964,0.09364871802348769,0.6449505812037872,0.17973613987742096,0.5485316166107658,0.36384384194273045,0.579396007526719,0.10656845936988135
FCX,0.4558549581769359,0.38407917575688233,0.4817741476835775,0.36021030972692075,0.7475257131442317,0.7799720240289991,0.13807818377161915,0.11029820980530061
FOX,0.4892029141218048,0.38677733739792086,0.6705387388152481,0.29034918612663946,0.5504540154703473,0.5659605270968682,0.6350706395005036,0.24354470219979513
FTNT,0.7016638511915404,0.9288892590886201,0.735441068139179,0.2934866486644826,0.811095297312817,0.8197907323011489,0.7137252534478903,0.06628864640101642
FTV,0.4220673926467547,0.3129634850045352,0.3762013464847706,0.41897636870749344,0.674627164417988,0.1619777346720478,0.7855211755721692,0.19591662210845662
FOXA,0.4892029141218048,0.38677733739792086,0.6705387388152481,0.29034918612663946,0.5504540154703473,0.5659605270968682,0.6350706395005036,0.24354470219979513
F,0.24716830844144672,0.05007219839393807,0.22171768224265037,0.35585565777811834,0.09759640081798673,0.7,0.47622204471958435,0.09333418266115821
IT,0.558769828356354,0.7358659948748242,0.48514597070569937,0.40196923733494044,0.33963950043164426,0.4982973325033871,0.8003020826598475,0.7334576663039374
GEHC,0.37436632330105823,0.3499371523718228,0.2809339838701752,0.29299238081678036,0.48344673646918146,0.3160244721308412,0.7382048357692038,0.17612880102337355
GEN,0.3892605533962315,0.6229323721244127,0.2832660630949105,0.3943878214342378,0.10424208474278618,0.18759465130710262,0.8204167005481309,0.025572532681386338
GNRC,0.4525619404693542,0.2816358401568699,0.4501911585316502,0.39143778959702785,0.5760096007120163,0.45803343168229177,0.7768729704948544,0.47013999919470967
GEV,0.4455106645342527,0.11976527291565486,0.5688124547914108,0.3453376457418132,0.7092023140212242,0.48982215723176475,0.6801676615207225,0.5325375901470495
GE,0.42890973928409387,0.48334361345522225,0.33991772775554663,0.2166883821228508,0.47315878234996867,0.5534445425763559,0.7029805304352181,0.2194141679419734
GIS,0.3064084956518401,0.34360654830878895,0.20824023668031771,0.3645212888595351,0.28814653804298446,0.16791676598822963,0.5511993725587907,0.18094046696998653
GD,0.4271608356923894,0.2698378986611448,0.32700130837783187,0.40491920868949494,0.542434687216443,0.4970040654251162,0.6118125583394315,0.8263270517838281
GM,0.29182888522272377,0.09708342873391279,0.15866774523534014,0.3923668413747865,0.3599633893553935,0.7288402531886699,0.20050514699291824,0.6008080872898343
GL,0.5694947497467602,0.4973301796964443,0.6725623017006764,0.14492758648829587,0.6699229206751913,0.74476191947521,0.7322925316542591,0.8143344659008769
GDDY,0.5577360429624902,0.6317531804136802,0.5644413523737476,0.4924120694275689,0.5396236994311925,0.2803358906956849,0.8969139097186787,0.28758264028140323
GS,0.27834287820089104,0.22722929909792036,0.29414328844106874,0.15439682592708776,0.08239100191885664,0.40383736354468297,0.6180498520683723,0.5
GPC,0.3233236406955656,0.16516830274725633,0.1382306684633034,0.5156893444492704,0.45437679871369924,0.47161136091177014,0.4835358546145712,0.267215765780224
GILD,0.5314136351314805,0.6890083852135653,0.4961930712790782,0.3083856566960675,0.42622553683558506,0.45469029078718837,0.9037737749366784,0.2776967794027817
GPN,0.3764134947938228,0.4210282025133065,0.3329357689539845,0.15756428708831977,0.5026187401725737,0.13376640036266108,0.5689413552851753,0.7054212144156327
HAL,0.43876199629139867,0.3669532219128548,0.43348457364332915,0.39518350429519966,0.5257937787241779,0.7037361281864735,0.4607599034560522,0.11461160934719966
HSIC,0.35476026121450044,0.10471544866914005,0.2790918640199507,0.6340706533325923,0.47790576027425336,0.2837855923139682,0.6474422503380395,0.25687559873995247
HCA,0.4548279433922623,0.33297746221209984,0.23304274327472974,0.6360697254414457,0.5498019761710843,0.6778667512818417,0.4430759881422779,0.7
HSY,0.5016919477123377,0.6038011947556068,0.4317081001062417,0.4595121170311285,0.4583681274846309,0.5132565396805234,0.5463970296109676,0.4150527079134927
HIG,0.5552493833920218,0.48254121957638113,0.4781007135355339,0.2756721457019705,0.7532206891627483,0.69880856222517,0.7458079151336628,0.8039672565045728
HPE,0.30305170098234324,0.06490238720835251,0.274220471773985,0.30175119319176,0.5738029159054987,0.49878572052299197,0.475470654276016,0.06446511961936922
HES,0.48784891217946824,0.691172703976427,0.2964410683736255,0.4234797900852584,0.5713817927704282,0.689112658937481,0.1132921389314989,0.5259561059077079
DOC,0.346430679706463,0.2914684022078884,0.320041646271836,0.18861213665368326,0.38641748705491763,0.4842531049872645,0.7235784619980827,0.050352992905976314
HAS,0.40990000759915474,0.4619783613082647,0.4458826039889169,0.46518736086966495,0.1396591608545618,0.36561698933776743,0.7026442512210849,0.15351588319571863
HLT,0.3938063445645246,0.43178366217061864,0.25078620432880844,0.3503226372258094,0.5391884092666042,0.268257526220779,0.6191632896679323,0.2706889918675015
HUBB,0.5065624659256909,0.5028959816855361,0.3561043541000017,0.4264998979395451,0.7107201283953204,0.38484431895572796,0.6112000872086213,0.7886031023528352
HRL,0.4135565647660454,0.15881778677087904,0.47884334153749547,0.558227418510344,0.7029402622605457,0.28347578859628253,0.5755914006529401,0.06003157450541838
HOLX,0.4852442094810259,0.35106343637423765,0.7652341217438134,0.29377828501136105,0.5772352288490578,0.29661452905275765,0.7524976973469651,0.17736552639337264
HST,0.3101636759087581,0.2962841798449003,0.14336284422311873,0.18025875971386107,0.4632737317663167,0.5608493290402211,0.5300308705296033,0.03604336847800415
HWM,0.47866509448248934,0.5776868900058475,0.45367655783763045,0.3489186355174918,0.5785003576167289,0.45748478869651127,0.5328309296576113,0.10727279215912136
HUM,0.4790441134316598,0.0794878447384619,0.4451859021746473,0.7131213039969013,0.5323649964591167,0.6567088266113263,0.6819594601162814,0.9889039614190279
HPQ,0.370724131629133,0.26615318873459376,0.24594648749678327,0.6924710747910879,0.18958947738051632,0.5326857330573669,0.6540872033302085,0.0802032096325941
HBAN,0.3204327302550989,0.3584739084476195,0.19511018775477268,0.14272332901967,0.37978977310183715,0.41280078124419345,0.6925591260814943,0.05758519082889195
PODD,0.6270554017425078,0.5745313905611803,0.9384169704710793,0.2675588244845901,0.8013026083708616,0.6098932043938914,0.6320894172470016,0.2242336583117981
HII,0.37291043891381676,0.10209690051459129,0.1811693085075362,0.6235539768110031,0.5580299796808825,0.35800901808532304,0.7029506365860819,0.5563758628547665
IR,0.5099062829840841,0.3077014073357268,0.8761998177595023,0.2917651537851349,0.744210869458022,0.21999106136611873,0.7231175866629898,0.16067398617735185
ITW,0.550926947457687,0.8235174949610433,0.4203138692353601,0.4746092157070888,0.2543672653368082,0.6219229137185052,0.6846594554658094,0.4196018159067626
INCY,0.5077043803815092,0.010749919088513447,0.8347324432503423,0.3809011023174166,0.9926043251821973,0.5294344627371973,0.7554041045863898,0.07121482204023188
IEX,0.4880012105324206,0.379751271483972,0.6734034905917887,0.3239931110483681,0.6566748276112171,0.21442567499591125,0.6866976431587456,0.4234034385733282
IDXX,0.6628994094834169,0.8611131027052824,0.46718477164036765,0.5170136715639355,0.7766037466573551,0.7062659562771474,0.6675391834605797,0.4552210554411288
ICE,0.4136437151787743,0.6065739346354124,0.2935059854046425,0.0730120341936087,0.5195408651035677,0.35882057572815684,0.5932049793919887,0.3842708806480335
IFF,0.26489436337450983,0.0,0.2923296500661378,0.23788605696318177,0.46795662234775315,0.25602091506242014,0.6341357847782381,0.23072722961152375
IPG,0.3302929125606776,0.1807344833230952,0.35058338589464877,0.2501769946701806,0.43161854575135417,0.41089746732313726,0.6788268526511797,0.07501702980624275
INTU,0.6016011711388983,0.537376593832522,0.6102390976983388,0.25317366840505656,0.8816809858918326,0.40195452662014197,0.892962113146157,0.9097868203987345
IVZ,0.36385443408170554,0.22121167041636006,0.1894539265802153,0.27328957642062013,0.888133863282324,0.21487499102176968,0.6702316930940018,0.1587309358910749
IP,0.2418466928802827,0.025484963231328053,0.1349494027230202,0.2687499329967066,0.5386179251708255,0.3663781794335713,0.4379673012501102,0.13891689468697338
INVH,0.37508557750995214,0.45736978096941694,0.15657990432881266,0.06674260527154562,0.703386794425701,0.5224137401631551,0.5867987209351395,0.05972990674837833
ISRG,0.5629046108118226,0.6257140676147083,0.6203762500357478,0.22746086956650372,0.7,0.7415614120543187,0.49940439468945863,0.38370265583285357
JCI,0.38177055158421425,0.30707277802002286,0.30887508317379453,0.3069646803177474,0.6339778818132213,0.26334978122998765,0.6495793636937592,0.21586083264859224
JBHT,0.40062285438580103,0.176486676925802,0.31234285910006715,0.43282551152817866,0.715202470960038,0.5948415418477094,0.4058148073711636,0.4352556207843466
JKHY,0.57630725758815,0.5948070001348406,0.553583985790418,0.4396159212396025,0.9805888714186267,0.3862340941847312,0.5096603798723348,0.28537088183830556
J,0.35522699817916775,0.11455879574018132,0.42051428331458535,0.38916809094176186,0.508512306772586,0.26823583069068774,0.6737202105636337,0.2727355759724201
IRM,0.19334220030360572,0.2104335888720436,0.04115094942634738,0.11742907258840217,0.5134923370785116,0.308194747622591,0.05437104765695462,0.032176444446674286
JBL,0.45706840258373477,0.30811266556423195,0.3197682443689078,0.6311057394584176,0.4183205820414655,0.7139178248169967,0.6727901279506827,0.40003687634289653
IQV,0.3081286227751539,0.31571695814166434,0.275267233912882,0.30771883633639047,0.16576716244508385,0.1673266507459418,0.5911381994046359,0.5455310324976504
JNPR,0.3752334217389697,0.12631939604925346,0.45983492232266593,0.2845531069304509,0.6231391615955175,0.3135618955332178,0.8083103862594732,0.06691039607917665
KDP,0.27988552612763523,0.23784289797060815,0.16967491966577197,0.28026594651718967,0.5155273916287175,0.04326056463222897,0.593196875142622,0.06950146004915156
KEYS,0.5312166207620699,0.3586610573916448,0.7832129225777855,0.26100820162821947,0.6362079407860967,0.4748970481268665,0.8611922103994745,0.3343484936763997
KMB,0.46263722622006953,0.6523549563141241,0.27304346613614733,0.5009126743535801,0.15675465891168397,0.6914564059219765,0.6297835932971199,0.2833138800521961
KEY,0.21099282937998268,0.0011424563429392237,0.11546760514793508,0.2069543813836239,0.3955331662927246,0.3903905005438265,0.5571676141529344,0.04969501287064967
KIM,0.496385663316701,0.5636835453492428,0.6307300480659511,0.20993544531448752,0.47015074613485264,0.5260812752874057,0.7164962309753107,0.06096176045054709
K,0.3529982158253406,0.4613050445424857,0.1886323986366257,0.38490426401027866,0.3638191133194403,0.36101509213894106,0.4485987448316391,0.13351169331756263
KVUE,0.30711856470732646,0.26324480115564336,0.2504472137486275,0.23968239742385944,0.5061736038840239,0.1921151645513383,0.5947271276385856,0.013105845070305098
KMI,0.3126776431603897,0.4256334433066107,0.10904137880247382,0.353394225842245,0.4725318851296449,0.282908620293174,0.292077654772117,0.06146924841859354
LW,0.25188582458698444,0.24796570403983992,0.11210101527828695,0.41878722528203766,0.1494134651817263,0.5198342929716628,0.24693741314277504,0.11133842680717419
LH,0.39778390047354784,0.14818212413343104,0.38868272561846684,0.5589902899261057,0.5228836186293034,0.22075926286595723,0.5731488201271431,0.8265985946775052
KKR,0.4052547114397158,0.2868434596912895,0.609074298933495,0.11738258109418788,0.24697380445098216,0.6855652395800182,0.6434104284729483,0.48355924186244587
LHX,0.3736405251056333,0.1850870968997284,0.28946304288604197,0.47573221367165186,0.5329827045166041,0.14664171563554695,0.6751726244748231,0.7197494112843481
KLAC,0.6965669419803424,0.9732141106679796,0.6332711970651542,0.35757358714264703,0.45893954650206203,0.8320145912126236,0.8119997879307687,0.7946153387854193
KHC,0.31845996267844545,0.15531666489993176,0.30638249074945345,0.34715404638567327,0.5739848643163219,0.152593935936099,0.5474238644988497,0.20363363309555366
KR,0.32384678087653584,0.2477466163285517,0.12601675686562738,0.6827336004586246,0.14580997261326928,0.5321596328236909,0.48090109035588,0.22238334285062503
LRCX,0.7512062435031908,0.9106044523275075,0.7820201288675447,0.3722722338704835,0.8320313274852152,0.9109413998675291,0.9002710907651854,0.10768642762357201
LVS,0.3650474899367375,0.5479515429816225,0.19902866145341824,0.5790681285117477,0.05196147683414035,0.5744652208326492,0.3289320930179484,0.06519399427410603
LMT,0.47075208396717555,0.4777040580033395,0.29677290269127016,0.7531913392559839,0.14733449105524815,0.5903270569518587,0.5843710218939485,0.7884561299364223
LII,0.5937995150594538,0.6896940171233559,0.41237295028452414,0.5494038041578164,0.5654279443734983,0.7770989576806719,0.5536392599924173,0.772056733494078
LIN,0.46062437916867527,0.5382185137173001,0.28546088611917114,0.27229593309121636,0.8059225263619457,0.29796782777163566,0.34303715869101115,0.86288611902554
LEN,0.5842795153850846,0.3262505542199891,0.5552653929569525,0.5019533601765854,0.9644914653050872,0.7604059500332491,0.6380892582238398,0.6369510718147391
LDOS,0.49553615704288184,0.37639636092094,0.42272634418710114,0.7791915729396595,0.43604900233790467,0.3919170933635898,0.7150757072324533,0.47812863247975435
LYV,0.3468762173948577,0.3542077915580992,0.339281027723503,0.4261153501836288,0.09518440320046631,0.45923275094221677,0.5468601050133093,0.23327630714930864
LKQ,0.33022967187807206,0.16922492239089243,0.24146326905240112,0.4486992880373041,0.4710236149567675,0.34629612524087094,0.5999410296119835,0.1409727307094513
MAR,0.3481520394448172,0.3172299900568998,0.1697892476754901,0.41982591898168853,0.5511578249619622,0.21545499075832703,0.5282509211945035,0.29737079217327156
MPC,0.39099998551866544,0.11185419230535948,0.2557931094033965,0.7383749428259775,0.2712128042128636,0.5999659943635671,0.5985475615903237,0.8117659582086216
MKTX,0.7422738014627501,0.8522821074092533,0.9805374615224324,0.3305677024359532,0.9925563662247457,0.586003452248269,0.5457682024475732,0.4290001307452245
MTB,0.41290981221674133,0.43245663425409175,0.25508504991352376,0.11123525442303157,0.49182749814811705,0.42813022061866957,0.7058845671959165,0.9983550400676542
LYB,0.34265987578697593,0.0510726588188223,0.3122322946329583,0.5278966729636833,0.43537436928808815,0.5842894150240882,0.47842685766276055,0.33365937098456266
MMC,0.4230343415089694,0.5407907293302247,0.3325321546260401,0.2585273776739623,0.3746677121584694,0.38574653253949176,0.6808327146352589,0.3938608011773093
LULU,0.6346212193483333,0.7325286186311404,0.578314278799639,0.6179421796788359,0.5631225629710023,0.8118943551532851,0.4576961062925121,0.634149027771299
L,0.36534568772113757,0.26823077803899775,0.3548314967837419,0.029265107162902274,0.5605569475603053,0.49008104871902597,0.5252045145349166,0.7463965864152879
MDT,0.397978236036877,0.3229299334795098,0.3832244821493779,0.22393651248826635,0.5871498829688739,0.37058026513414466,0.6900735141506996,0.2574503798013711
MCK,0.5669859778572003,0.25,0.41315389525285395,0.8291724754722611,0.9220577464875082,0.6000821415654525,0.6416245135611887,0.7
MAS,0.49409025396172174,0.43057432994722206,0.39892036584800095,0.5314552658897138,0.6267823270090173,0.7263101905661076,0.5401581684799848,0.12560246931794378
MTCH,0.511339635888831,0.5002463371817567,0.526486371621653,0.5183891292135004,0.5503941220173885,0.3486830329659825,0.8213683639999895,0.07316299775661529
MTD,0.6186792351242012,0.8595970348034124,0.340854914790968,0.5339451342551474,0.5825636602757258,0.6206749191606507,0.7106518236945835,0.7
MLM,0.40239783017941483,0.40658042567492875,0.2996862605911331,0.26940257127079026,0.5730078243460035,0.4308592018574057,0.2564174299229215,0.9145249824380839
MET,0.47803324542868036,0.1255349784420095,0.9319414614348749,0.03871333278815152,0.49736745286939077,0.6914190799963476,0.75,0.7141436536587376
MKC,0.3326251743935177,0.3129036108103137,0.19306670005908094,0.3633217642718747,0.5513521338996956,0.17189740966163833,0.5469141659892652,0.1340737877659434
MAA,0.40383905795997005,0.5718546177926794,0.13160874665556835,0.032961791162772806,0.7173611509961334,0.5371773857899599,0.47585219399355877,0.41404509756997454
MU,0.6181925945030065,0.5024547346865479,0.7882899453669151,0.19441740099025584,0.8960105428961229,0.7786975449143206,0.6800475975498319,0.5096443185722885
MGM,0.2953465552979075,0.1689451511039601,0.3245230320752236,0.5768485239022882,0.04241293066615769,0.4293181036694878,0.43027647333152935,0.18713970443008315
MOH,0.518301644174014,0.264619332941511,0.45410649038316564,0.6501131205082544,0.5793056071345206,0.7237681773334944,0.6860799020092968,0.7185579156261541
MHK,0.4400499314180685,0.10058574185186975,0.49908233223714743,0.3221007231721401,0.8223064515565814,0.5137901214930006,0.5710308977415788,0.6988770274981068
MRNA,0.41833902856478644,0.0,0.7000000000000001,0.43539640776870436,0.6853492656123428,0.6124806422691333,0.45,0.0795822666143204
MCHP,0.3365855751514543,0.14781969954350196,0.528323725195269,0.1487324027628558,0.4746604271054965,0.1589401317570146,0.8208316239111039,0.049596103589206575
TAP,0.38123935458305963,0.2714983701625703,0.23094877012622417,0.3571588597261685,0.8363400925548741,0.14595623265674085,0.511674424314945,0.44774198955694466
MS,0.22675883207301145,0.2878517318923843,0.05482816018573747,0.18658898756124437,0.10291693202695203,0.39855917522207507,0.4340824922761762,0.3428042474942658
MCO,0.545717622732231,0.9071363960901315,0.5282792749935816,0.2407070815743863,0.3126700153560264,0.4210569642256058,0.5945265113568875,0.5742551322634132
MNST,0.693773567202801,0.682504064629353,0.9750428701231479,0.4232416832099146,0.9977991153663144,0.6272031973539889,0.5026221388988479,0.04000647218230195
MSI,0.5247252205211744,0.7841571871437836,0.4011971780588983,0.43548798402940503,0.15142424058115433,0.5827522328353805,0.7569500500574257,0.5287885228516882
MDLZ,0.2912193939030399,0.24143470396969896,0.1959679326368046,0.2352914391455091,0.5802436150366038,0.06707259177554957,0.5613947646303014,0.12980275230704455
MSCI,0.5449746132388482,0.8,0.35013059022760984,0.27754512292656425,0.5814886847472311,0.4025940785720106,0.7318848242979699,0.6529106751051752
MOS,0.2707218785045943,0.07471089354530999,0.11801884625234714,0.33288986075949084,0.6027285549305577,0.5005888834197353,0.29566913251757,0.16943643841119105
MPWR,0.7337560176567097,0.8530043901205493,0.9550031635933571,0.3672521957621313,0.7,0.6957388667750057,0.5996631529994956,0.7975251213226224
NTAP,0.5349093843605381,0.6566713790590696,0.4676300418996296,0.46425212502487884,0.38815277320990993,0.5735287212572193,0.8063311774622128,0.2273761321736673
NFLX,0.6654524995448801,0.8631192944201419,0.5041108272162389,0.594047348679788,0.6190829616984621,0.40679554984645305,0.8465195087425491,0.8309891616191809
NDAQ,0.3775220359276563,0.4331786009705213,0.3051949064211575,0.18650162530748,0.5537981690795157,0.1693503563857165,0.7340266997034375,0.13611459267659443
NI,0.26250308302473235,0.4478331586784586,0.03277724799231731,0.2356405498134349,0.307812990560384,0.46630873209283324,0.09981491012684168,0.11717896957227841
NEM,0.5891915072810021,0.6902230537597283,0.6271020257175258,0.3758646805899907,0.8007885460170762,0.7043478465974833,0.3181660322317903,0.24931933647154922
NWS,0.38965720379121915,0.15258861921566522,0.45777503225812904,0.25812965082283995,0.8220235538731662,0.3727142860576998,0.5766946822377611,0.05982330003460015
NWSA,0.38965720379121915,0.15258861921566522,0.45777503225812904,0.25812965082283995,0.8220235538731662,0.3727142860576998,0.5766946822377611,0.05982330003460015
NDSN,0.43621024313705425,0.46343786315066726,0.48772817712326605,0.23484591884864586,0.5167397254782867,0.22264610737451113,0.6403793882689306,0.4752949142270023
NSC,0.4689764843752196,0.7310949964576896,0.20589961367247087,0.39682705502871,0.43618736234949307,0.5966166033876457,0.22835907314023562,0.7514616453356877
NXPI,0.5029769400704079,0.5800855765005675,0.5277382288698483,0.33741970698207036,0.4275710949620718,0.45277047873669296,0.7030825509446501,0.4414795382308147
NVR,0.8010077864597644,0.6393639200309664,0.9554209006598873,0.7463872397445547,0.9142064710774264,0.8677427500123334,0.6421929469551483,1.0
NCLH,0.26580363016068786,0.4713773652831847,0.009276857622166422,0.5613458747849044,0.026559074019308345,0.47600930978830885,0.07898448094229829,0.048375918435316155
NTRS,0.36458386196373715,0.35593140104786725,0.27206513853380404,0.18702194697457425,0.33571975113126695,0.46715676131955824,0.5638679263787719,0.7934852101860062
NOC,0.391875101332806,0.2985326500062602,0.20734439800237048,0.49848637848818517,0.46816706603126923,0.3468299173830641,0.4916054918808103,0.9386300325292236
NRG,0.4253385426366522,0.38621907012536727,0.29645034084724114,0.8247438846166135,0.08492553871884445,0.4713302540797415,0.6410207272030986,0.4361639061451889
NUE,0.3976536442764453,0.11376549210787198,0.4221030281816326,0.44596883081732475,0.7147255832494344,0.5721339164754505,0.22857113162618029,0.612339973859476
ODFL,0.6355401546319022,0.7279079616299723,0.5544047001351341,0.45849102465375957,0.9997016473287985,0.810904128290814,0.30612708952524625,0.245004032367848
OKE,0.33873239212019257,0.3697496402685194,0.15660116842431365,0.422030415785244,0.34499567082142407,0.4181628032658937,0.4174203636917685,0.3272503736286716
OXY,0.3476728144957887,0.3781383585536754,0.255291077589424,0.2270371735403038,0.5208425157723473,0.5563414839060956,0.16228286626281294,0.3607124185139308
ORLY,0.4573370649381224,0.4913126887781855,0.21081474001189882,0.5087382491067615,0.6471297930989957,0.7168604346705229,0.43152214866246463,0.08254960154067839
ON,0.49208224101265347,0.1949511445195321,0.7642050023192729,0.2622931002087028,0.8072279670822426,0.5501286053268051,0.6781993917257976,0.14484989240027457
OMC,0.41075682094552524,0.4201315050659984,0.3277011289363976,0.38218176295388484,0.3826469564581716,0.4031231707782251,0.6790660822527892,0.34480971353672335
OTIS,0.5049354216145858,0.40261623405691854,0.3170547402513883,0.6646715997378456,0.6507557846957661,0.6860607322399228,0.6933216876044458,0.11236130801199812
PCAR,0.459231411121731,0.3137466174865099,0.538260686386107,0.40651382722668405,0.4419695807901509,0.8224013283506115,0.4732937849177518,0.3260119388704109
PANW,0.5033333798914675,0.3048622687055308,0.613562178944768,0.22089896725634683,0.94076839162187,0.39264942981841505,0.8556767708177853,0.10645306061557443
PAYX,0.5893385574763016,0.865790034615245,0.6465147953724516,0.19959344473993854,0.613985772834613,0.5155575319402133,0.607603536312723,0.1847020057304744
PKG,0.5166198221870624,0.3645063734514667,0.5739544643525546,0.4382315589655401,0.8006414859980754,0.6102153815552729,0.3791432546300313,0.5187103118122404
PH,0.49491208456553065,0.528814778232795,0.3348014233454487,0.4302866345280253,0.5741475103651374,0.29007708784325054,0.6607527481994263,1.0
PYPL,0.5114822028702386,0.45677468841949315,0.44539016844511586,0.2568424230300746,0.7097800584653821,0.7628457808382845,0.7439595756308522,0.2507317841022016
PLTR,0.5759385738704876,0.3074434208721156,1.0,0.2748756256835414,0.6960946198615224,0.6610544950786026,0.8696329164155902,0.007268813425595089
PARA,0.32425637512489214,0.04027092164301148,0.27689230764700296,0.5828356417654715,0.4531990092615855,0.39840083041553065,0.5936262538012486,0.08404554218004363
PAYC,0.6758496602832875,0.6906667576645679,0.5787869563418855,0.593783779478459,0.9586120170329893,0.7554694681540342,0.5996046812941587,0.38117590354463754
PNW,0.23999504491017842,0.3257721231747619,0.018534722290375553,0.23013675317484544,0.2813963428631894,0.4754375421598879,0.09257679597227021,0.42627342878983643
PSX,0.40546196854657485,0.027267613310231305,0.26577174712079743,0.8478731067092234,0.5023431740421229,0.5515463194076617,0.6242393850429794,0.5075940647418291
PNR,0.45683195356282097,0.4619951103421273,0.45243022925979637,0.34736583618726,0.625158904612066,0.25211219223447423,0.6951506305813782,0.20484273447691423
PNC,0.35756341431170435,0.36696913040995527,0.20993977782869927,0.08401581966111699,0.3538110108344722,0.4128603010601541,0.75,0.8374624292624369
PPL,0.2573145336773632,0.3362071698796103,0.07579106223927165,0.22226818672904344,0.3927513732609524,0.47471262531840663,0.14275790637763766,0.0820908318300492
PCG,0.3411249643995053,0.3096878966909061,0.2740801100923241,0.2663649299728698,0.2955664165184545,0.4971753415216545,0.6989505002693429,0.09969364111031105
PPG,0.35803740855621585,0.28230108039311846,0.2788179366612391,0.33747361766451217,0.47741996925325847,0.4365192451148735,0.5296765494985824,0.2568986725335438
POOL,0.4912380706829295,0.3969485254492705,0.3741007720891693,0.5964580798897817,0.5182578251759373,0.574944603227211,0.6362355073134824,0.5771077617770168
PRU,0.380532478592487,0.0468282379095704,0.678210194787013,0.039181560412608535,0.41366839097851504,0.6996056498850873,0.75,0.40590644921029073
PTC,0.4590000932566175,0.5090568305589003,0.41559965396534265,0.21018343323216315,0.6127185929686085,0.21391267002414147,0.9,0.27578767782587826
PSA,0.5042269195544101,0.7430117539002302,0.34134225735115264,0.17416944282747318,0.46540496506078755,0.590387866873652,0.5776539196143168,0.7493037955417201
PFG,0.34765143033937235,0.10618826538532769,0.4666691560234338,0.15961384967386996,0.4559735635702591,0.3940317967063697,0.5963379051438177,0.7279090123343116
PHM,0.6518147958506514,0.627040723808915,0.6093121271193964,0.28434921708636296,0.9478849914037895,0.9619590063457395,0.6384048263386735,0.5664134986515864
PGR,0.5673988001674128,0.35855150675075204,0.5,0.36383193875053077,0.8954048997288863,0.7772572177569252,0.6799624401993701,0.8630686382436566
PLD,0.4499078912578749,0.6001242514856655,0.19565445472755552,0.0778913281558577,0.7335474490699212,0.5489592933604786,0.6584543738584635,0.3657750827037266
PEG,0.26973865277385606,0.41836472786044054,0.07677973301402051,0.1679491977085224,0.36215185234090286,0.5088227760149039,0.1,0.18788178194075222
RJF,0.41537019785284846,0.40588356065073644,0.3188537031527109,0.1885612731749461,0.5279232082585819,0.5173333614146006,0.6202346138633203,0.577981946336017
PWR,0.4249832147600878,0.15005999219827526,0.35063289524625046,0.7239267208228705,0.574192284942497,0.37652491660499066,0.5836030818410672,0.5322197390371609
DGX,0.3958099623262132,0.2699264643738505,0.3270599691593679,0.5829171729477486,0.4700631991213803,0.19657048940525362,0.5558392772803261,0.5945663984389942
RL,0.5429693504333142,0.4183855801895865,0.5563766368205816,0.5262359910510785,0.600431558360711,0.6314090292264287,0.5785930270158639,0.7419457997160706
REGN,0.6942227983722187,0.5970831208253751,0.9313671277820988,0.14684956748098987,0.9779669456765254,0.773258433728953,0.6263027226293254,1.0
RTX,0.30543062766108975,0.15157595252477635,0.2277868613967137,0.2794750824695668,0.5379050869058926,0.21419886235259775,0.6311473828368542,0.29675234650577476
REG,0.41773961993742326,0.594127362350331,0.26067969628052534,0.11219127534248276,0.48019375226839833,0.4981182350082998,0.6710913044199911,0.22586264018548352
O,0.41348826105804815,0.4975619828239095,0.37519747345300636,0.08161905071106841,0.48830251870392594,0.4364354045654422,0.7380293916353078,0.22247111258290672
RVTY,0.4194724342870656,0.22486288700553758,0.6917883868958251,0.1823832076251352,0.5895332406250564,0.14407480116854152,0.7812529091992051,0.3315759376442553
ROST,0.5657438253736832,0.4735941127192036,0.47204281299729145,0.6437324501098185,0.7473213812782968,0.8179553293066544,0.49318200255385397,0.26329853400311876
RSG,0.3646182493323945,0.42068872009404473,0.19224432916250808,0.4495478084582744,0.4368305018730635,0.23373282394592382,0.4199402237278924,0.4534630431859868
RMD,0.7385583621911597,0.7758984374071413,0.9926134262791227,0.33193441671911667,0.953834845986482,0.508601750022181,0.7765961992435797,0.4935176650226802
RF,0.40929694499198055,0.46743210569353394,0.2758695536074054,0.28607746106818094,0.47440737491494256,0.4359311485813451,0.7396263906963253,0.11273057043760878
ROP,0.4778766181791749,0.471703575799183,0.2710099834611106,0.5306239160633041,0.6421771575391286,0.11603213130787937,0.6895890338087356,0.9853289997026122
ROL,0.5787919571179221,0.6042863271869493,0.44303645319001594,0.7568813747302537,0.7425015880031993,0.41480983871970045,0.718906352140862,0.016680423742145258
ROK,0.4169309121644453,0.4164359253655341,0.30785035210943784,0.40893339625525915,0.4545029893787942,0.37161064163113666,0.6226686848400184,0.44616939817901363
SPGI,0.521758104273536,0.6629447345889128,0.39762639271018163,0.17450499382062584,0.7731913355973418,0.18347880999636734,0.7027856090082424,0.9143150154223061
RCL,0.40182969501197924,0.7149765377814759,0.10110435961301893,0.5627749195415004,0.14628917370555003,0.5296428442650778,0.1259042748418402,0.6190072549251413
STX,0.5173234145470563,0.5277698332743521,0.32249731732550974,0.5866949443876256,0.5479336822404599,0.7196833925516364,0.7028795247327605,0.16861814081427523
SHW,0.3734939895294348,0.5407136837661662,0.202471493815948,0.40024656412935244,0.17174096700086372,0.39267313808611914,0.5074914766572046,0.44013357361677696
SBAC,0.4539922552644982,0.6853875265998841,0.27821409759140125,0.22960560719240633,0.5323412592542387,0.49693922426578035,0.4507963210262706,0.3587393920009011
SRE,0.29136831929364976,0.454688137638507,0.054570475071130775,0.26693717635294234,0.4025369031267879,0.41275436609156413,0.08963496710313436,0.322442892567349
SLB,0.4381357153554537,0.4232445323381563,0.35143997736121346,0.37425618125842325,0.5988020255392491,0.519171317353865,0.5641292373006449,0.15495600627140171
NOW,0.5532770025125717,0.3422219535943586,0.6264657901776151,0.3029474875370398,0.923353332238357,0.5772106556095828,0.6294637009460664,0.756315949131692
SPG,0.42644289291499987,0.8485172292044404,0.2753144834375878,0.2211486246661127,0.03292508725941488,0.5702715016435006,0.46689874496228456,0.3484521495392911
SW,0.24624356239143672,0.011064657871732443,0.14269717833163983,0.3516053780471003,0.4804225288526024,0.4534677859439572,0.37603655146008547,0.14366684963631987
LUV,0.2905554124964725,0.030410831903714953,0.16080342668390013,0.6435202856231699,0.48889585234593524,0.41778890488709286,0.3671831399806914,0.048647880032391184
SO,0.26759399810175605,0.47680404244528063,0.08761775916339809,0.16614570086007907,0.22969273452032116,0.47135360572293217,0.11576941731690582,0.2556273609342483
SWKS,0.5440463522290875,0.2260860641709216,0.9393965944541417,0.3281198441942163,0.7989441566822859,0.3457994509199027,0.7831950950952894,0.35372925125068333
SNA,0.6780281479577924,0.60399134508096,0.8734554664069818,0.2779703328809786,0.877993619570818,0.6355276559319891,0.6539185994518757,1.0
SOLV,0.27008762735251834,0.19599515852020666,0.21131541159717582,0.4116814433516228,0.1508212210507505,0.22853410664313373,0.6500100996617914,0.13191870224366076
SJM,0.32966997752800425,0.0,0.4621579505992361,0.36255482400566846,0.6457204128757488,0.0969985328877658,0.5541097803808915,0.4177254109815738
SBUX,0.3928057880599536,0.2758573521228179,0.17632943207449886,0.6710785769826281,0.5817071848622297,0.565585147987408,0.3927875583634769,0.0964085740506431
SWK,0.3071559202785401,0.1052563444634221,0.2064361746891569,0.42272601690847905,0.4992178845601555,0.2315734089397247,0.6032613699206104,0.35559072237048983
SYK,0.41513487757335565,0.29444346148173434,0.39243839036026856,0.28094940157212556,0.5574741553578444,0.3270165049376524,0.727930036624801,0.6355629287025514
STT,0.26824177527744925,0.2480996642345599,0.13004770178899863,0.11211058275321586,0.321248675240423,0.3845502708542371,0.5532037343379416,0.42856059285491765
SYF,0.4687165506380698,0.6310848604587699,0.34449827682898737,0.036941602844747644,0.39898748874114254,0.6549754022694054,0.75,0.7231755238551155
STE,0.4730984191808497,0.29517458135071833,0.6409605940947386,0.2952312673164391,0.7894192633600188,0.21691415507433487,0.5977090140364125,0.53905517023358
STLD,0.4311983720533996,0.20209154933611462,0.39101217745226297,0.49067513710286614,0.7939399830108851,0.6459605591819246,0.23781214368473616,0.42807021850379157
SMCI,0.5180063435039408,0.23542826684323662,0.5242486119750817,0.6529390571275845,0.8718528376166481,0.7963852442145399,0.4391801576132398,0.04048460007404566
TMUS,0.38744363959719347,0.4559393915220577,0.29429697928223286,0.4945726799247915,0.26194931767564167,0.3121945039714371,0.3405327115556059,0.7169674933492647
SNPS,0.5271907157627654,0.5005221013094947,0.6819499159687454,0.2247732060218586,0.38240398546624116,0.6349190719964368,0.826493282396256,0.5690478615831683
SYY,0.40843966170113344,0.3378733976511268,0.2765689632838033,0.8783981990511402,0.04985988192541104,0.5904318238424979,0.6285565188714213,0.15039946427432943
TPR,0.4584585262564933,0.5479638623228491,0.46767598204606164,0.478647877197291,0.21960729118262645,0.5138736630062994,0.6438114156113912,0.14851162295624057
TTWO,0.2397253937363241,0.0,0.31954425209098414,0.27387737706579784,0.23464145908254816,0.11465047674676354,0.8664483864374624,0.028576631549055858
TGT,0.4590246282584651,0.24912431870080665,0.4662829081254844,0.38695402984974403,0.7115886127386253,0.621408650328524,0.5128696277521816,0.5055548552368101
TRGP,0.3088682275576841,0.47810969804925785,0.07933581660321838,0.5434492180869308,0.04746881696436176,0.5482125258367042,0.12143597471105809,0.3574216882451171
TROW,0.6255139592834719,0.6973092800175451,0.9428104986497494,0.18204092182848963,0.694690540671991,0.5943081179853837,0.4981629465191669,0.4373542744721703
TSCO,0.37239997155375754,0.4245026828360456,0.18956712193688102,0.4349026953043707,0.33358171559396443,0.6788620071333178,0.4332878919376316,0.03746449831049477
TJX,0.5124607990863297,0.5348397172277166,0.34939360210182124,0.5057471286149179,0.6092212190717188,0.841311934565544,0.5011256317853592,0.14766281141900947
TKO,0.4016647816825032,0.26969943114195805,0.41078193266970137,0.43742505982848573,0.519948336402063,0.14318375233133093,0.6893269569924929,0.5045291399221733
TER,0.5850289235177589,0.549248436700712,0.8521759241030618,0.36454358789950647,0.6992012565720085,0.6336184470004462,0.45668197887184975,0.1737972052802335
TPL,0.6122913530526077,0.9631654081386235,0.5002942637312473,0.20238286897782812,0.7,0.801195336981938,0.20913668038958977,0.7010103237575069
TEL,0.4851842906506786,0.300817523322302,0.47252536337714474,0.3266553985750285,0.8513219995550996,0.529292067796258,0.638129094441242,0.44072222402809674
TXT,0.3914229193437201,0.15273601782665192,0.3045360017545065,0.4902541994081053,0.6290090972846404,0.5256564860263313,0.5896091257383402,0.2583131771155369
TDY,0.4969071059858578,0.3202718259331452,0.5115208843931365,0.256182196426531,0.8986045109739158,0.1899557859754283,0.7232138791633433,1.0
TRMB,0.455654221391531,0.41373980933972365,0.3260246470659179,0.47420101728909403,0.7061733257119237,0.1373717552538327,0.8812212860025862,0.16197768135243912
TT,0.5541191631491779,0.589893170525807,0.4044762290720774,0.5536960334556793,0.6601807420810935,0.4697270042737238,0.6689535738159849,0.5960210112764764
TSN,0.3699776531593098,0.035153509131674296,0.2819325779559524,0.7476486258552091,0.5727241770318268,0.32515249156730613,0.591121542467932,0.30238872897243113
TRV,0.5231114426789212,0.22716346924928826,0.8021278421207672,0.09609303942715994,0.6579518791278242,0.6778826915919802,0.75,1.0
TYL,0.4920441107173751,0.3038569460719063,0.5353760328336648,0.2831972864558963,0.9422908387096677,0.17124719939726946,0.7290268155186364,0.7030809473248076
TFC,0.28063591048310293,0.17678430752208277,0.21117146756088415,0.07717866456020442,0.3847423205211898,0.37289035320672703,0.75,0.2525671401504711
TDG,0.547342492912531,0.6596806622287742,0.6585203660681881,0.23525311139573432,0.5262824802499897,0.37972442629116543,0.6351547276572476,0.7
USB,0.3325784599063777,0.32262774510051717,0.21272616080921328,0.19805590960875075,0.3276492111302956,0.41350181859860097,0.75,0.2834068299737731
UHS,0.43305784662595437,0.2807449751455019,0.29537466987525307,0.5249707792523817,0.5683912467561952,0.47146116654927356,0.43485370139559243,0.983217563375103
UAL,0.3505519607506781,0.2868714462174088,0.23754018937578428,0.6278043026178293,0.15751291671217027,0.42938702921237726,0.34117001315641277,0.7294554836958024
ULTA,0.5843450844851725,0.6072162986314626,0.4233092202660478,0.6407704582130825,0.46034836056021067,0.830069589089858,0.5571136963417099,0.8798602882989295
URI,0.4006949214203496,0.6010399797841653,0.14283953553623238,0.43272953009878545,0.3369279492900433,0.4729921763698225,0.13589622464718487,0.9105911471407346
VTR,0.2684931598787191,0.2099152236132686,0.1607253453712261,0.1729148036454303,0.37565830788763205,0.4685050506177955,0.48809581831887505,0.1184646255506061
UBER,0.5700256725510435,0.6512963681469066,0.49573523213609494,0.5560910502946175,0.6184533496031391,0.4717590778531504,0.7651780994978493,0.16358312734668906
UDR,0.3318764775294387,0.3092341869465367,0.16732700716114096,0.15291028963529432,0.6626738286066298,0.505504143791765,0.451440293495075,0.06140935791207476
VLO,0.469722995733171,0.015859286599234492,0.43851898448962134,0.7937591575047104,0.5780035879114238,0.6794176379493029,0.6793148274050734,0.7283343767516068
VLTO,0.5672813508805931,0.6574273721851205,0.640000809668939,0.526006072059076,0.4906492928287477,0.4330257771091245,0.7315190918544048,0.11943108541997496
VMC,0.4110310451412046,0.3490032333755026,0.41007240565266107,0.33013764570255466,0.5538402706658624,0.37567193840148877,0.4622149976462474,0.5076074921352105
VRSN,0.5805577988136078,0.8,0.38787900847081186,0.342332351551874,0.6342004286828247,0.7064581335937608,0.6933756618636955,0.3303740107698988
VRSK,0.5193365915613916,0.9978210211675836,0.4601670927418653,0.29423883347219537,0.09311279439867201,0.5430621245973105,0.5225536685773082,0.2636718844606129
VTRS,0.2620867680614111,0.0,0.33579286475201114,0.215752773571623,0.429432849210924,0.19395169687261918,0.762151783156991,0.05080007381331582
VICI,0.5313762800681998,0.6547578337824603,0.6346044549774748,0.07396636010007446,0.5146552834413936,0.7539837237868637,0.7056482508823213,0.13018973257902244
VRTX,0.4160802800027473,0.0,0.6516011637820097,0.24536035406464574,0.6745495291631204,0.5904669497286643,0.7779430687694128,0.21865125824745443
VST,0.39043977137375285,0.5854714537651129,0.19985401106759135,0.3525646728686616,0.09446747042768494,0.511419372535262,0.6646870881222404,0.3887127631750822
WRB,0.5786064083484624,0.2966753957193303,0.9703955324089564,0.2419921600849966,0.7388901465003447,0.7281369084821266,0.7415140042720907,0.3252203134723146
WAT,0.5670321068565098,0.7568631303205394,0.4806380114468631,0.2795885997693178,0.6287164789849106,0.48528287787707314,0.6769396901611334,0.5844140674009501
WBD,0.21848351923493853,0.0,0.27480822934869575,0.2067391448348836,0.396250761879197,0.056273942456597836,0.6455300334582643,0.05785979533202149
GWW,0.6585736550042933,0.6230592447677057,0.6080833558053226,0.557950743975795,0.7727720563220358,0.8332041990162753,0.49486251643715695,0.9755416212256915
WM,0.30228526095443725,0.4401203019766239,0.14706070911352456,0.41950928690059114,0.15679544950010996,0.31573147365679655,0.26870350899421364,0.3590766982474039
WAB,0.4117491168975831,0.29550181579709434,0.3701428045001528,0.3229945080160255,0.6557299858968447,0.22581614505965625,0.6942323885827923,0.5006314919420701
WEC,0.2748975125416385,0.46690045970707394,0.030082113530392158,0.2168613912870238,0.32587668203514847,0.4341559588575677,0.1,0.3465933604941801
WBA,0.21506692725823817,0.0,0.07011318997065209,0.773027409780588,0.04684573602818623,0.19035824016160505,0.5785301287098731,0.023489610112876327
WTW,0.3493630755288127,0.12081677505455049,0.3602651723027348,0.21388854577965466,0.5217249774884805,0.34762051279011874,0.7031937423620256,0.6336478659838676
WELL,0.4460142603009166,0.40553752750621835,0.3842769589004733,0.1509455704919018,0.7040576595025573,0.5818034569955984,0.6849150171570236,0.25704309459672525
WDC,0.49117904863587314,0.5200559420788021,0.3966291112239537,0.503231354314941,0.41818681642505373,0.6142209672016147,0.7472292789772381,0.1496298128499464
WDAY,0.40617868497714077,0.05671173870336437,0.5950073117880648,0.24942493967606572,0.61067277925296,0.46286975705590333,0.8122752697647856,0.3294025484452804
WST,0.5934223966835818,0.484282755267303,0.7878415088666268,0.3463830492804129,0.9694581070614421,0.6736256978423667,0.3245456896743193,0.35180187780967714
WY,0.3569452126205654,0.15055757778104553,0.33940316525633796,0.47424429934895784,0.5481243069256483,0.550184987178978,0.41148845940637396,0.03805099048620623
WSM,0.6107726250302352,0.6841694348132954,0.5473422098943226,0.6334915071085377,0.5088364810607593,0.8153329526317279,0.5849253156452632,0.37773598589906465
WMB,0.3182664316271224,0.5831503691932627,0.0909073306845277,0.3186314738983633,0.2299288996975995,0.39394108363827424,0.2224623889466488,0.20745939788028941
XYL,0.4494709540569105,0.23941435711231973,0.5069911508229008,0.3323972412433739,0.9368183121754272,0.19502662809768806,0.6457867484729461,0.2751092788873369
WYNN,0.4456315103127448,0.22819522645709123,0.40253196095803756,0.6178385414475732,0.5150875923784488,0.5770541422170798,0.6529679917625864,0.30270356069989035
YUM,0.5424447600396295,0.6883906233972986,0.4016425678888852,0.48307773357953543,0.5557318338521453,0.7031448707739545,0.5491903170202972,0.1792727343670097
ZBH,0.40664319085047407,0.3040753953731007,0.5117728757322424,0.1895943131981856,0.5626872915983667,0.21857450480667512,0.7187339677809437,0.43393357765011464
ZBRA,0.4944709594721125,0.33568674931846215,0.48010364853965504,0.4268328302910532,0.6377675220789776,0.2660010382740035,0.8530631489882515,0.8586414170567164
XEL,0.27231183571017864,0.3620925576964661,0.08815416766623596,0.30015510761144437,0.3054654302064858,0.4868961088012323,0.12953123389617985,0.2334409562076845
ZTS,0.5857265211255406,0.9672246690778478,0.45314322100892607,0.28830398417320396,0.4615158094128682,0.6819818824783401,0.6190629400151438,0.214285167340687
